title,url,authors,year,journal,category,status,updated_at
Attention Is All You Need,https://arxiv.org/abs/1706.03762,Ashish Vaswani et al.,2017,NIPS,AI专业词汇,completed,
ImageNet Classification with Deep Convolutional Neural Networks,https://proceedings.neurips.cc/paper_files/paper/2012/file/c399862d3b9d6b76c8436e924a68c45b-Paper.pdf,Alex Krizhevsky et al.,2012,NIPS,AI专业词汇,completed,
Training language models to follow instructions with human feedback,https://arxiv.org/pdf/2203.02155,Long Ouyang et al.,2022,arXiv,AI专业词汇,completed,
Retrieval-Augmented Generation for Knowledge-Intensive NLP Tasks,https://arxiv.org/pdf/2005.11401,Patrick Lewis et al.,2020,NeurIPS,AI专业词汇,completed,
Learning the Bitter Lesson: Empirical Evidence from 20 Years of CVPR Proceedings,https://arxiv.org/pdf/2410.09649v1,Authors not specified,2024,arXiv,AI专业词汇,completed,
Language Models are Few-Shot Learners,https://arxiv.org/pdf/2005.14165,Tom B. Brown et al.,2020,arXiv,AI专业词汇,completed,
Temporal Fusion Transformers for Interpretable Multi-horizon Time Series Forecasting,https://arxiv.org/pdf/1912.09363,Bryan Lim et al.,2019,arXiv,AI专业词汇,completed,
Informer: Beyond Efficient Transformer for Long Sequence Time-Series Forecasting,https://arxiv.org/pdf/2012.07436,Haoyi Zhou et al.,2020,arXiv,AI专业词汇,completed,
Machine Learning: The High-Interest Credit Card of Technical Debt,https://static.googleusercontent.com/media/research.google.com/en//pubs/archive/43146.pdf,D. Sculley et al.,2014,NIPS,AI专业词汇,completed,
Chain-of-Thought Prompting Elicits Reasoning in Large Language Models,https://arxiv.org/pdf/2201.11903,Jason Wei et al.,2022,arXiv,AI专业词汇,completed,
Wide & Deep Learning for Recommender Systems,https://arxiv.org/pdf/1606.07792,Heng-Tze Cheng et al.,2016,arXiv,AI专业词汇,completed,
Dense Passage Retrieval for Open-Domain Question Answering,https://arxiv.org/pdf/2004.04906,Vladimir Karpukhin et al.,2020,arXiv,AI专业词汇,completed,
"Human-Centered Artificial Intelligence: Reliable, Safe & Trustworthy",https://arxiv.org/pdf/2002.04087,Ben Shneiderman,2020,arXiv,AI专业词汇,completed,
A Survey of Scientific Large Language Models: From Data Foundations to Agent Frontiers,https://arxiv.org/abs/2508.21148,"Ming Hu,Chenglong Ma,Wei Li,Wanghan Xu,Jiamin Wu,etc",2025,arXiv,AI专业词汇,completed,2025-09-05T21:05:47.255780
Intern-S1: A Scientific Multimodal Foundation Model,https://arxiv.org/abs/2508.15763,"Lei Bai, Zhongrui Cai, Yuhang Cao, Maosong Cao etc",2025,arXiv,AI专业词汇,completed,2025-09-06T21:40:46.218409
Qwen-Image Technical Report,https://arxiv.org/abs/2508.02324,"Chenfei Wu, Jiahao Li, Jingren Zhou, Junyang Lin etc",2025,arXiv,AI专业词汇,completed,2025-09-06T21:40:46.226574
DINOv3,https://arxiv.org/abs/2508.10104,"Oriane Siméoni, Huy V. Vo, Maximilian Seitzer, Federico Baldassarre, Maxime Oquab,etc",2025,arXiv,AI专业词汇,completed,2025-09-07T21:12:24.594818
Group Sequence Policy Optimization,https://arxiv.org/abs/2507.18071,"Chujie Zheng, Shixuan Liu, Mingze Li, Xiong-Hui Chen, Bowen Yu, etc",2025,arXiv,AI专业词汇,completed,2025-09-07T21:12:24.600366
A Survey of Context Engineering for Large Language Models,https://arxiv.org/abs/2507.13334,"Lingrui Mei, Jiayu Yao, Yuyao Ge, Yiwei Wang, Baolong Bi, Yujun Cai,etc",2025,arXiv,AI专业词汇,completed,2025-09-07T21:12:24.602821
GLM-4.5V and GLM-4.1V-Thinking: Towards Versatile Multimodal Reasoning with Scalable Reinforcement Learning,https://arxiv.org/abs/2507.01006,"GLM-V Team: Wenyi Hong, Wenmeng Yu, Xiaotao Gu, Guo Wang, Guobing Gan,",2025,arXiv,AI专业词汇,completed,2025-09-07T21:12:24.605300
"Reflect, Retry, Reward: Self-Improving LLMs via Reinforcement Learning",https://arxiv.org/abs/2505.24726,"Shelly Bensal, Umar Jamil, Christopher Bryant, Melisa Russak, ",2025,arXiv,AI专业词汇,completed,2025-09-07T21:12:24.612424
MiniMax-M1: Scaling Test-Time Compute Efficiently with Lightning Attention,https://arxiv.org/abs/2506.13585,"MiniMax: Aili Chen, Aonian Li, Bangwei Gong, Binyang Jiang, Bo Fei,etc",2025,arXiv,AI专业词汇,completed,2025-09-07T21:12:24.615416
Reinforcement Pre-Training,https://arxiv.org/abs/2506.08007,"Qingxiu Dong, Li Dong, Yao Tang, Tianzhu Ye, Yutao Sun, Zhifang Sui, Furu Wei",2025,arXiv,AI专业词汇,completed,2025-09-07T21:12:24.617683
Qwen3 Technical Report,https://arxiv.org/abs/2505.09388,"An Yang, Anfeng Li, Baosong Yang, Beichen Zhang, Binyuan Hui, Bo Zheng,",2025,arXiv,AI专业词汇,completed,2025-09-07T21:12:24.619827
Mutarjim: Advancing Bidirectional Arabic-English Translation with a Small Language Model,https://arxiv.org/abs/2505.17894,"Khalil Hennara, Muhammad Hreden, Mohamed Motaism Hamed, Zeina Aldallal, Sara Chrouf, Safwan AlModhayan",2025,arXiv,AI专业词汇,completed,2025-09-07T21:12:24.627348
"Perception, Reason, Think, and Plan: A Survey on Large Multimodal Reasoning Models",https://arxiv.org/abs/2505.04921,"Yunxin Li, Zhenyu Liu, Zitao Li, Xuanyu Zhang, Zhenran Xu, Xinyu Chen, Haoyuan Shi,",2025,arXiv,AI专业词汇,completed,2025-09-07T21:12:24.629955
"Advances and Challenges in Foundation Agents: From Brain-Inspired Intelligence to Evolutionary, Collaborative, and Safe Systems",https://arxiv.org/abs/2504.01990,"Bang Liu, Xinfeng Li, Jiayi Zhang, Jinlin Wang, Tanjin He, Sirui Hong, Hongzhang Liu,",2025,arXiv,AI专业词汇,completed,2025-09-07T21:12:24.632494
DeepSeek-R1: Incentivizing Reasoning Capability in LLMs via Reinforcement Learning,https://arxiv.org/abs/2501.12948,"DeepSeek-AI, Daya Guo, Dejian Yang, Haowei Zhang, Junxiao Song, Ruoyu Zhang,etc",2025,arXiv,AI专业词汇,completed,2025-09-07T21:12:24.634805
MiniMax-01: Scaling Foundation Models with Lightning Attention,https://arxiv.org/abs/2501.08313,"MiniMax, Aonian Li, Bangwei Gong, Bo Yang, Boji Shan, Chang Liu, Cheng Zhu,",2025,arXiv,AI专业词汇,completed,2025-09-07T21:12:24.643188
InternVL3: Exploring Advanced Training and Test-Time Recipes for Open-Source Multimodal Models,https://arxiv.org/abs/2504.10479,"Jinguo Zhu, Weiyun Wang, Zhe Chen, Zhaoyang Liu, Shenglong Ye, Lixin Gu, etc",2025,arXiv,AI专业词汇,completed,2025-09-07T21:12:24.645743
SmolVLM: Redefining small and efficient multimodal models,https://arxiv.org/abs/2504.05299,"Andrés Marafioti, Orr Zohar, Miquel Farré, Merve Noyan, Elie Bakouch, Pedro Cuenca, etc",2025,arXiv,AI专业词汇,completed,2025-09-07T21:12:24.648327
Feature-Level Insights into Artificial Text Detection with Sparse Autoencoders,https://arxiv.org/abs/2503.03601,"Kristian Kuznetsov, Laida Kushnareva, Polina Druzhinina, Anton Razzhigaev, Anastasia Voznyuk, Irina Piontkovskaya, Evgeny Burnaev, Serguei Barannikov",2025,arXiv,AI专业词汇,completed,2025-09-07T21:12:24.650588
Transformers without Normalization,https://arxiv.org/abs/2503.10622,"Jiachen Zhu, Xinlei Chen, Kaiming He, Yann LeCun, Zhuang Liu",2025,arXiv,AI专业词汇,completed,2025-09-07T21:12:24.658536
OmniHuman-1: Rethinking the Scaling-Up of One-Stage Conditioned Human Animation Models,https://arxiv.org/abs/2502.01061,"Gaojie Lin, Jianwen Jiang, Jiaqi Yang, Zerong Zheng, Chao Liang",2025,arXiv,AI专业词汇,completed,2025-09-07T21:12:24.661156
SmolLM2: When Smol Goes Big -- Data-Centric Training of a Small Language Model,https://arxiv.org/abs/2502.02737,"Loubna Ben Allal, Anton Lozhkov, Elie Bakouch, Gabriel Martín Blázquez,etc",2025,arXiv,AI专业词汇,completed,2025-09-07T21:12:24.663590
Large Language Model Enhanced Text-to-SQL Generation: A Survey,https://arxiv.org/html/2410.06011v1,"Xiaohu Zhu, Qian Li, Lizhen Cui, Yongkang Liu",2025,arXiv,AI专业词汇,completed,2025-09-08T19:11:55.311162
The Agentic Economy,https://arxiv.org/html/2505.15799v1,"David M. Rothschild, Markus Mobius, Jake M. Hofman,etc",2025,arXiv,AI专业词汇,completed,2025-09-08T19:11:55.315108
