title,url,authors,year,journal,category,status
"Attention Is All You Need","https://arxiv.org/abs/1706.03762","Ashish Vaswani et al.",2017,"NIPS","AI专业词汇","completed"
"ImageNet Classification with Deep Convolutional Neural Networks","https://proceedings.neurips.cc/paper_files/paper/2012/file/c399862d3b9d6b76c8436e924a68c45b-Paper.pdf","Alex Krizhevsky et al.",2012,"NIPS","AI专业词汇","completed"
"Training language models to follow instructions with human feedback","https://arxiv.org/pdf/2203.02155","Long Ouyang et al.",2022,"arXiv","AI专业词汇","completed"
"Retrieval-Augmented Generation for Knowledge-Intensive NLP Tasks","https://arxiv.org/pdf/2005.11401","Patrick Lewis et al.",2020,"NeurIPS","AI专业词汇","completed"
"Learning the Bitter Lesson: Empirical Evidence from 20 Years of CVPR Proceedings","https://arxiv.org/pdf/2410.09649v1","Authors not specified",2024,"arXiv","AI专业词汇","completed"
"Language Models are Few-Shot Learners","https://arxiv.org/pdf/2005.14165","Tom B. Brown et al.",2020,"arXiv","AI专业词汇","completed"
"Temporal Fusion Transformers for Interpretable Multi-horizon Time Series Forecasting","https://arxiv.org/pdf/1912.09363","Bryan Lim et al.",2019,"arXiv","AI专业词汇","completed"
"Informer: Beyond Efficient Transformer for Long Sequence Time-Series Forecasting","https://arxiv.org/pdf/2012.07436","Haoyi Zhou et al.",2020,"arXiv","AI专业词汇","completed"
"Machine Learning: The High-Interest Credit Card of Technical Debt","https://static.googleusercontent.com/media/research.google.com/en//pubs/archive/43146.pdf","D. Sculley et al.",2014,"NIPS","AI专业词汇","completed"
"Chain-of-Thought Prompting Elicits Reasoning in Large Language Models","https://arxiv.org/pdf/2201.11903","Jason Wei et al.",2022,"arXiv","AI专业词汇","completed"
"Wide & Deep Learning for Recommender Systems","https://arxiv.org/pdf/1606.07792","Heng-Tze Cheng et al.",2016,"arXiv","AI专业词汇","completed"
"Dense Passage Retrieval for Open-Domain Question Answering","https://arxiv.org/pdf/2004.04906","Vladimir Karpukhin et al.",2020,"arXiv","AI专业词汇","completed"
"Human-Centered Artificial Intelligence: Reliable, Safe & Trustworthy","https://arxiv.org/pdf/2002.04087","Ben Shneiderman",2020,"arXiv","AI专业词汇","completed"